site,cluster,koppen,period_start,period_end,n_night,lwup_qc0_pct,dtsa_std,dtsa_strict,n_strict,albedo,pervious,height_mismatch,teb_lwup_bias,clmu_lwup_bias,teb_dtsa,clmu_dtsa,obs_qh_qc0
US-Minneapolis1,Minneapolis,Dfa,2006-06-01,2009-05-29,19723,100.0,-3.0439059105555812,-3.1149452828910733,14205,0.213,0.79,True,18.741523875118666,13.12209206457186,1.0307529390726742,-0.14509249589021733,-18.715758782234328
US-Minneapolis2,Minneapolis,Dfa,2006-06-01,2009-05-29,19723,100.0,-3.0439059105555812,-3.1149452828910733,14205,0.213,0.95,True,18.77569884863641,14.96006612048057,1.0380120173189207,0.26634023522253714,-25.234738143119245
KR-Ochang,KR-Ochang,Dwa,2015-06-07,2017-07-26,12995,100.0,-2.1691148869024195,-2.104602586481007,8934,0.166,0.53,False,21.481985481926962,10.790987163454169,2.159187447655338,0.046199575594029554,-4.838031411426763
AU-Preston,AU-Preston,Cfb,2003-08-12,2004-11-28,5288,100.0,-1.9936108788952087,-1.9935678623211868,5286,0.151,0.38,False,14.386012053640613,1.4700549842730593,0.8902809144484665,-1.7212446688204717,-15.656803483351247
GR-HECKOR,GR-HECKOR,Csa,2019-06-30,2020-06-30,4052,100.0,-1.6736308628798444,-1.4900660472285479,3268,0.202,0.08450000000000002,False,13.358872840982222,-5.564200012161831,0.8872812754205721,-2.7515097500159102,4.282422236114662
US-WestPhoenix,US-WestPhoenix,BWh,2011-12-16,2013-01-01,4701,100.0,-1.360702130472905,-1.36069788079434,4700,0.172,0.52,False,18.263431394658344,4.806051124843783,1.8458994710460412,-0.4825313637519634,-4.8019387245734135
UK-Swindon,UK-Swindon,Cfb,2011-05-11,2013-04-25,12787,100.0,-0.6339756955721989,-0.6351306815371687,12723,0.139,0.51,False,7.826312186042306,0.162804162426775,0.9945460108309581,-0.5886145249903422,-14.865620665119263
FI-Kumpula,Helsinki,Dfb,2010-12-31,2013-12-31,16934,100.0,-0.32441160062559304,-0.32470539592294256,16925,0.142,0.54,False,4.821678347963758,-0.5108240915327521,0.7221257439300389,-0.429853895002343,-6.156710021909694
UK-KingsCollege,UK-KingsCollege,Cfb,2012-04-04,2014-01-01,10486,100.0,-0.17089976033292786,-0.1842999528218242,9558,0.109,0.20999999999999996,False,6.549069373114565,-5.319030793735284,1.1240095759209576,-1.2946499318353437,36.627690724198956
SG-TelokKurau06,SG-TelokKurau06,Af,2006-04-30,2007-03-31,1916,100.0,0.26431678242186263,0.26431678242186263,1916,0.168,0.15000000000000002,False,12.307767195662189,-10.57046938838441,2.3693066122459507,-1.505410551018655,3.3481391667847467
US-Baltimore,US-Baltimore,Cfa,2002-01-01,2007-01-01,33699,100.0,0.392837881638093,0.39140984421383035,33601,0.122,0.687,False,4.929212948387481,-2.2677613210280487,1.3452333620903563,-0.03989649591798682,-16.01540825496352
JP-Yoyogi,JP-Yoyogi,Cfa,2016-03-31,2020-03-31,29709,100.0,0.42990613265887406,0.43808793060475576,28929,0.133,0.07999999999999996,False,12.266671806419287,-4.500076574889054,2.72876214834748,-0.5016865396102501,4.039102052525046
NL-Amsterdam,NL-Amsterdam,Cfb,2019-01-01,2020-10-13,6110,100.0,0.4420026637864456,0.5038146670144205,5981,0.096,0.31999999999999995,False,7.747437421139964,-8.242006567222981,1.9458660182740501,-1.189992984469757,6.871125647964037
FI-Torni,Helsinki,Dfb,2010-12-31,2013-12-31,22565,100.0,0.44875052429731926,0.4485931634876648,22560,0.11,0.22999999999999998,False,5.9266826099852725,-3.901660428088387,1.6466998217125042,-0.4043711007135214,21.386560854836194
FR-Capitole,FR-Capitole,Cfb,2004-02-20,2005-03-01,4086,100.0,0.4943409397201572,0.4956805069348163,4033,0.127,0.09999999999999998,False,2.632416083564692,-11.17329679350029,0.9873277496447714,-1.8294773590619928,24.97523825659904
KR-Jungnang,KR-Jungnang,Dwa,2017-01-24,2019-04-29,15008,100.0,0.6599143343566986,0.6413326690099072,12694,0.12,0.03500000000000003,False,11.786706705700684,-10.394323243261146,2.927948695390705,-1.5469277408253683,26.450609798259574
CA-Sunset,CA-Sunset,Cfb,2012-01-01,2016-12-31,32809,100.0,0.9778970865847398,0.9768605707858058,32766,0.107,0.31999999999999995,False,4.595953942416941,-6.233517286672781,1.8288222220947439,-0.2719555900032784,-2.7655027181963248
PL-Narutowicza,Lodz,Dfb,2008-01-01,2012-12-31,36533,100.0,1.1903241401689466,1.1903241401689466,36533,0.087,0.35,False,3.6822529833318036,-5.622635260675868,1.9395519844366131,0.05331567560648203,-8.897943956199336
PL-Lipowa,Lodz,Dfb,2008-01-01,2012-12-31,34463,100.0,6.1160007904118805,6.1163115375299135,34437,0.085,0.24,False,-14.512326096003902,-26.4271382886763,3.1852637573613456,0.7123211947302801,-2.5224316020797377
